"0","edu <- as.data.frame(svytable(~Education + Frequency, design = d1w))"
"0",""
"0","ggplot(edu, aes(x = Frequency, y = Freq, fill = Frequency)) +"
"0","  geom_col(position = ""dodge"") +"
"0","  facet_wrap(~ Education, scales = ""free_y"") +"
"0","  labs("
"0","    title = ""Survey-Weighted Counts by Years of Education"","
"0","    x = ""Frequency of Feeling Sad"","
"0","    y = ""Count of People"","
"0","    fill = ""Frequency"""
"0","  ) +"
"0","  theme_minimal() +"
"0"," theme(axis.text.x = element_text(angle = 45, hjust = 1))"
