"0","inc <- as.data.frame(svytable(~Income + Frequency, design = d1w))"
"0","ggplot(inc, aes(x = Frequency, y = Freq, fill = Frequency)) +"
"0","  geom_col(position = ""dodge"") +"
"0","  facet_wrap(~ Income, scales = ""free_y"", labeller = label_wrap_gen(width = 25)) + "
"0","  labs("
"0","    title = ""Survey-Weighted Counts by Income Levels"","
"0","    x = ""Frequency of Feeling Sad"","
"0","    y = ""Count of People"","
"0","    fill = ""Frequency"""
"0","  ) +"
"0","  theme_minimal() +"
"0"," theme(axis.text.x = element_text(angle = 45, hjust = 1))"
